Dates,Prev. % GBMSM sx activity grp 1 (post. mean; 12wk reversion),Prev. % GBMSM sx activity grp 1 (post. 10%; 12wk reversion),Prev. % GBMSM sx activity grp 1 (post. 90%; 12wk reversion),Prev. % GBMSM sx activity grp 2 (post. mean; 12wk reversion),Prev. % GBMSM sx activity grp 2 (post. 10%; 12wk reversion),Prev. % GBMSM sx activity grp 2 (post. 90%; 12wk reversion),Prev. % GBMSM sx activity grp 3 (post. mean; 12wk reversion),Prev. % GBMSM sx activity grp 3 (post. 10%; 12wk reversion),Prev. % GBMSM sx activity grp 3 (post. 90%; 12wk reversion),Prev. % GBMSM sx activity grp 4 (post. mean; 12wk reversion),Prev. % GBMSM sx activity grp 4 (post. 10%; 12wk reversion),Prev. % GBMSM sx activity grp 4 (post. 90%; 12wk reversion),Prev. % GBMSM sx activity grp 5 (post. mean; 12wk reversion),Prev. % GBMSM sx activity grp 5 (post. 10%; 12wk reversion),Prev. % GBMSM sx activity grp 5 (post. 90%; 12wk reversion),Prev. % GBMSM sx activity grp 6 (post. mean; 12wk reversion),Prev. % GBMSM sx activity grp 6 (post. 10%; 12wk reversion),Prev. % GBMSM sx activity grp 6 (post. 90%; 12wk reversion),Prev. % GBMSM sx activity grp 7 (post. mean; 12wk reversion),Prev. % GBMSM sx activity grp 7 (post. 10%; 12wk reversion),Prev. % GBMSM sx activity grp 7 (post. 90%; 12wk reversion),Prev. % GBMSM sx activity grp 8 (post. mean; 12wk reversion),Prev. % GBMSM sx activity grp 8 (post. 10%; 12wk reversion),Prev. % GBMSM sx activity grp 8 (post. 90%; 12wk reversion),Prev. % GBMSM sx activity grp 9 (post. mean; 12wk reversion),Prev. % GBMSM sx activity grp 9 (post. 10%; 12wk reversion),Prev. % GBMSM sx activity grp 9 (post. 90%; 12wk reversion),Prev. % GBMSM sx activity grp 10 (post. mean; 12wk reversion),Prev. % GBMSM sx activity grp 10 (post. 10%; 12wk reversion),Prev. % GBMSM sx activity grp 10 (post. 90%; 12wk reversion),Prev. % GBMSM sx activity grp 1 (post. mean; 4wk reversion),Prev. % GBMSM sx activity grp 1 (post. 10%; 4wk reversion),Prev. % GBMSM sx activity grp 1 (post. 90%; 4wk reversion),Prev. % GBMSM sx activity grp 2 (post. mean; 4wk reversion),Prev. % GBMSM sx activity grp 2 (post. 10%; 4wk reversion),Prev. % GBMSM sx activity grp 2 (post. 90%; 4wk reversion),Prev. % GBMSM sx activity grp 3 (post. mean; 4wk reversion),Prev. % GBMSM sx activity grp 3 (post. 10%; 4wk reversion),Prev. % GBMSM sx activity grp 3 (post. 90%; 4wk reversion),Prev. % GBMSM sx activity grp 4 (post. mean; 4wk reversion),Prev. % GBMSM sx activity grp 4 (post. 10%; 4wk reversion),Prev. % GBMSM sx activity grp 4 (post. 90%; 4wk reversion),Prev. % GBMSM sx activity grp 5 (post. mean; 4wk reversion),Prev. % GBMSM sx activity grp 5 (post. 10%; 4wk reversion),Prev. % GBMSM sx activity grp 5 (post. 90%; 4wk reversion),Prev. % GBMSM sx activity grp 6 (post. mean; 4wk reversion),Prev. % GBMSM sx activity grp 6 (post. 10%; 4wk reversion),Prev. % GBMSM sx activity grp 6 (post. 90%; 4wk reversion),Prev. % GBMSM sx activity grp 7 (post. mean; 4wk reversion),Prev. % GBMSM sx activity grp 7 (post. 10%; 4wk reversion),Prev. % GBMSM sx activity grp 7 (post. 90%; 4wk reversion),Prev. % GBMSM sx activity grp 8 (post. mean; 4wk reversion),Prev. % GBMSM sx activity grp 8 (post. 10%; 4wk reversion),Prev. % GBMSM sx activity grp 8 (post. 90%; 4wk reversion),Prev. % GBMSM sx activity grp 9 (post. mean; 4wk reversion),Prev. % GBMSM sx activity grp 9 (post. 10%; 4wk reversion),Prev. % GBMSM sx activity grp 9 (post. 90%; 4wk reversion),Prev. % GBMSM sx activity grp 10 (post. mean; 4wk reversion),Prev. % GBMSM sx activity grp 10 (post. 10%; 4wk reversion),Prev. % GBMSM sx activity grp 10 (post. 90%; 4wk reversion),Prev. % GBMSM overall (post. mean; 4wk reversion),Prev. % GBMSM overall (post. 10%; 4wk reversion),Prev. % GBMSM overall (post. 90%; 4wk reversion),Prev. % GBMSM overall (post. mean; 12wk reversion),Prev. % GBMSM overall (post. 10%; 12wk reversion),Prev. % GBMSM overall (post. 90%; 12wk reversion),Prev. % non-GBMSM overall (post. mean; 4wk reversion),Prev. % non-GBMSM overall (post. 10%; 4wk reversion),Prev. % non-GBMSM overall (post. 90%; 4wk reversion),Prev. % non-GBMSM overall (post. mean; 12wk reversion),Prev. % non-GBMSM overall (post. 10%; 12wk reversion),Prev. % non-GBMSM overall (post. 90%; 12wk reversion)
2022-05-09,0.05166055051688755,0.005362965259465462,0.12944410481263136,0.20499325914816097,0.02388422080041264,0.5008752239467179,0.5404513231397123,0.07293687768844341,1.243330641662331,1.0511355345727436,0.17580457176329545,2.27352983698176,1.6555169551322946,0.36645034571996254,3.2444949840282815,2.2936294094174667,0.5989258725676975,4.420643345142529,3.0010428886561518,0.8524176498934569,5.647266930544152,3.8553229832688882,1.027289201491153,7.564584120071217,5.055367567397626,1.2435754974149718,10.430489484568062,6.642938602631393,1.4871140816278023,14.37543612240209,0.0519242296421446,0.005362965259465462,0.13049882131365959,0.20654920056449755,0.023113762064915458,0.5115846003701289,0.5479662527708784,0.07050564843216196,1.3179693798301721,1.0689231899943656,0.17580457176329545,2.3802683269809033,1.6677225704935827,0.36645034571996254,3.5235610165381015,2.296010852767914,0.5704055929216166,4.677325861957256,3.006317222864868,0.799141546775116,5.860371343017516,3.886795388805481,1.027289201491153,7.854092895036897,5.029563375826264,1.2435754974149718,10.570391728027259,6.685569206304724,1.4871140816278023,14.400221357095864,0.17222907868813242,0.030873811673691815,0.39775826423198585,0.1708082787554266,0.031149822761451503,0.3809084444935129,0.00014544796916711,1.203746764121804e-5,0.000377675547243216,0.00014407344083082843,1.203746764121804e-5,0.0003791802306983683
2022-05-16,0.0559270575290553,0.008044447889198194,0.13586178657312503,0.2192925880496209,0.03390018436187601,0.5100436828991345,0.5672884472851751,0.10454285802010221,1.2547574191668545,1.08912501891038,0.23859191882161526,2.235229555276185,1.7021970914793916,0.44960638571026185,3.327651024018582,2.3733150707486166,0.6559664318598591,4.452015652753215,3.2160652408417767,0.8524176498934569,6.238631675157733,4.267312648030545,1.027289201491153,8.965433031195516,5.713840793278853,1.0881285602381003,12.606746605044261,7.55044997094476,1.2392617346898354,17.349664285657695,0.05611494007864524,0.008223213397847042,0.13407413148663655,0.22091671506404895,0.03544110183287037,0.5209071510696446,0.5751242991781702,0.10454285802010221,1.2982764228542927,1.0995791121955902,0.24487065352744725,2.3112022452167515,1.7043323694554138,0.4369215660507246,3.3826185758765774,2.3807160833167744,0.6559664318598591,4.677325861957256,3.208606586405209,0.8524176498934569,6.4464084773192685,4.28776504213296,1.027289201491153,9.152212886012089,5.6699270335263865,1.0881285602381003,12.435754974149717,7.584405742475262,1.2392617346898354,17.349664285657695,0.1826843129755441,0.04008732465081311,0.4058940196283314,0.18158138581224145,0.04020561511699585,0.3888207623426244,0.00022361326529535939,2.1065568372131572e-5,0.000553873979841545,0.00022078370805794553,2.2570251827283828e-5,0.0005597422453166389
2022-05-23,0.057203085729790784,0.00999299193347064,0.13595116932744938,0.22527597058949203,0.04152772584329811,0.51397302245017,0.5919994614460198,0.1191302335577909,1.279069711729669,1.1798244811034757,0.28254306176243915,2.4487065352744724,1.9571478723920226,0.4932985423153342,3.9337035188631355,2.9558275223799946,0.7130069911520208,6.194604739128752,4.283345414611503,0.905693753011798,9.275369552903175,5.96079889668871,1.027289201491153,13.821709256426422,8.04523395705757,1.2435754974149718,19.11997327275519,10.321934914405109,1.2392617346898354,25.057872275428448,0.05737309172851584,0.01001086848433553,0.13393111907971744,0.22660539713759242,0.04160477171684782,0.520830105196095,0.5978623707975425,0.1239926920703538,1.2985195457799206,1.1850358309093163,0.2699855923507752,2.4361490658628084,1.9594311399307394,0.4932985423153342,4.01826898326005,2.9669504314419664,0.7130069911520208,6.368578444969842,4.2656577483762135,0.8524176498934569,9.429870251946367,5.96023855712426,1.027289201491153,13.541539474201562,7.971163491492793,1.2435754974149718,18.66917715494225,10.267407398078756,1.2392617346898354,24.785234693796706,0.2010084919411334,0.04371489894708341,0.438542188294764,0.2002940832423154,0.04389890633892322,0.4457053331913848,0.0002807897319076899,3.460771946850187e-5,0.0006923048577155525,0.00027748243767326526,3.611240292365412e-5,0.00066055603681184
2022-05-30,0.06238683856683579,0.010547165010282076,0.15114623756260154,0.2498840373719043,0.04468660665883655,0.5910188959998882,0.6846098462762925,0.13104325691357,1.6024232028151013,1.4602202155965203,0.3013792658799351,3.235431993915218,2.6291050524899044,0.5355812745137914,5.882937473212009,4.271082998678481,0.7985678300902633,9.982097876128291,6.37086296309746,1.01224595924848,14.869360380328986,8.84500671980253,1.214069056307726,21.67580215146332,11.458926420930256,1.3990224345918432,28.291342566190607,13.869817334648637,1.7349664285657695,33.21221448968759,0.06255067715551245,0.010904696027579774,0.14837537217854446,0.25128781318798016,0.04468660665883655,0.581773391173922,0.6892632190728153,0.13104325691357,1.5542848635407283,1.460600079046223,0.2951005311741031,3.3157997981498686,2.628654036679788,0.521487030447639,5.89280344405832,4.254355854666055,0.7985678300902633,9.782455918605725,6.339163681742047,1.01224595924848,15.236965491845543,8.81073261644369,1.214069056307726,21.862582006279894,11.349180883283386,1.3990224345918432,27.685099511200796,13.828797771230404,1.7349664285657695,33.21221448968759,0.24578097337281607,0.047289899702828056,0.5705937787100818,0.2454838014349948,0.0463961495138919,0.5754305444384423,0.0003185264406211809,4.664518710971991e-5,0.0007479781455561859,0.00031496861659147335,5.100876912966145e-5,0.0007658838786724978
2022-06-06,0.07309927228986371,0.011262227044877471,0.17458239574646559,0.29871879386265765,0.048538900336322466,0.7149857065413848,0.8531608925411446,0.14344252612060537,2.004062275952796,1.919318157919602,0.33277293940909497,4.49243468202278,3.634820979196309,0.6187373145040908,8.541111904088359,6.028203167533698,0.9383172003560595,14.49115408817367,8.89993285422823,1.2253503717218444,21.262492754529912,11.809623270414885,1.494238838532586,27.73680844026113,14.489597631599132,1.8498185524047712,33.88743230455798,16.524068118007325,2.2306711224417035,36.68214734681913,0.07287921194871698,0.011440992553526319,0.17644155703641357,0.29913946433223915,0.048538900336322466,0.7150627524149344,0.8526940965239387,0.14101129686432393,1.991176760894505,1.9098529653505603,0.326494204703263,4.503108531022695,3.6055824698810754,0.6060524948445535,8.558024996967738,5.9830413047141295,0.9411692283206675,14.51967436781975,8.81961912877733,1.2253503717218444,21.47559716700328,11.746258204668363,1.5782897732000445,28.119707142635097,14.300496432523468,1.8653632461224576,33.26564455585049,16.40299224652813,2.2306711224417035,36.7069325815129,0.3109653290643618,0.053086132545781706,0.7371073249399676,0.3122709272263909,0.05057574598568158,0.7302990514418951,0.00033736206811277677,5.552281949511822e-5,0.0007673885621276501,0.0003338125198420726,5.868265475093795e-5,0.0008051561168519716
2022-06-13,0.08777064696742906,0.012334820096770564,0.20954892923818047,0.3639808862823142,0.05308460687575586,0.8629908296303934,1.0685106707601582,0.16046113091457548,2.5384464664834585,2.4682177033728454,0.37672408234991883,5.8272936804826605,4.75401671200134,0.7329006914399251,11.24720676478962,7.797187772721686,1.1408111858432333,18.56955407756323,11.117790388993209,1.598283093550232,25.737685416470562,14.028754725490593,1.9611884755740192,31.304303667257663,16.275527492824207,2.4871509948299435,34.97556086479608,17.652292001268954,2.9742281632556047,35.938590306005224,0.08704226690243932,0.01303200558050107,0.2115689794859124,0.361984627698641,0.054702570220299916,0.8761656740073952,1.0609799381388265,0.16289236017085693,2.575644274104564,2.445950170738612,0.37609620887933587,5.8781514315999,4.6960682275233525,0.690617959241468,11.486808913914212,7.705024489045374,1.0837706265510716,18.53818176995254,11.000636238235975,1.5929554832383979,26.21717034453563,13.9071143450413,2.054578402982306,31.285625681776022,16.00504982213645,2.4871509948299435,34.664666990442335,17.465535257851194,2.9742281632556047,35.938590306005224,0.3831128530477539,0.059539534645306036,0.9161070870446967,0.38661523660064745,0.060288707597796684,0.9063284085069244,0.0003546869934153999,6.169202166124245e-5,0.0007982345729582707,0.0003521734197035681,6.30462367708795e-5,0.0008111748506725806
2022-06-20,0.10300897645567422,0.014480006200556748,0.244247314466922,0.4310712772813056,0.06240715757527174,1.0264821733028953,1.2825852692342523,0.1872046527336714,3.032715374285476,2.991434084511883,0.43323269470240666,6.9719070173558295,5.747449505004091,0.8456546439691444,13.382484740811703,9.192984518740705,1.36897342301188,20.968109595798623,12.612078529256438,2.02449191849696,27.815453438085864,15.178618206705123,2.6149179674320258,31.66852438414999,16.805679272065927,3.108938743537429,32.64385680714301,17.55761240473865,3.965637551007473,32.49344268356746,0.10195104217549034,0.013764944165961353,0.24666064883368138,0.42720588580531615,0.060095781368780195,1.043278173736734,1.2691101810813123,0.18209907129548034,3.0438990288643715,2.9549734720751166,0.4269539599965747,7.044112466472893,5.65895174651272,0.8301509754963773,13.335973735393404,9.08870011621481,1.3119328637197183,21.281832671905512,12.479607498852683,1.9712158153786192,28.188386159914252,14.966109426887565,2.6149179674320258,31.659185391409167,16.51639252197977,3.108938743537429,32.95475068149675,17.340741601167927,3.9408523163136775,32.71650979581165,0.4479686241110143,0.06846389314953624,1.048184964230277,0.45318891381750936,0.07055369138543105,1.038564006314082,0.0003785828713666728,6.470138857154697e-5,0.0008486414687058719,0.00037823679417198783,6.470138857154697e-5,0.0008490928737424171
2022-06-27,0.11458216610284636,0.01573136476109869,0.26727231198089374,0.48095770994601267,0.06625945125275765,1.1142374232760244,1.4387564961261192,0.20884259311457623,3.307687403170907,3.3632356388524296,0.48346257234906254,7.63996439005635,6.384812363041603,0.9851876602240529,14.53398448101636,9.940871811899882,1.6541762194726883,21.84938623686252,13.096118564138125,2.392097030013514,27.17081259035394,15.192720085743773,3.1752575318817455,29.511217061018574,16.161196270530617,4.041620366598658,29.69036500078245,16.48936878943601,4.709194591821374,28.775657479497955,0.11309269188478414,0.015195068235152143,0.26841641123624627,0.47530755080924403,0.06464148790821356,1.1241763409639383,1.4198743541072092,0.19936079901507864,3.3422108586101036,3.3114486349987278,0.48346257234906254,7.72975029634975,6.26959896492284,0.9429049280255964,14.587542608467741,9.803104601069489,1.5942836322159195,22.160257285004807,12.946013143602201,2.397424640325348,27.6023490256125,14.937999058737672,3.2593084665492036,29.884776770651722,15.979012460159325,3.8861734294217865,29.69036500078245,16.324670904895733,4.709194591821374,28.998724591742146,0.4890833014606244,0.07699395009982397,1.1160705484340314,0.4959266020800721,0.07826885845757119,1.1079216496525541,0.00040714176334546266,7.056965404664078e-5,0.000901756794672746,0.000409512392129055,6.319670511639471e-5,0.0009089792752574772
2022-07-04,0.11827242249788454,0.016607315753478045,0.27317157376630574,0.4972521417430425,0.06780036872375202,1.1527603600508833,1.4904128241343308,0.22099873939598347,3.467905411159855,3.4691735901765797,0.5211349805840544,7.9576683661714505,6.495945477503214,1.042974060895278,14.507205417290669,9.89265827915818,1.7967776177030925,21.162047497391978,12.629792833543286,2.658477545605219,25.14632067185698,14.202740160252231,3.5394782487740635,26.242569601728544,14.758831726789474,4.352514240952401,25.648744634183792,14.835821856839363,4.709194591821374,25.528791734610607,0.11676364160488827,0.016088895778396388,0.27851666247490636,0.49134233801241134,0.06780036872375202,1.1581535711993638,1.4695711113348582,0.21151694529648588,3.4333819557206584,3.413870494887612,0.5148562458782224,7.962063480465534,6.392536008789854,1.0147855727629733,14.729894473535877,9.76127961096851,1.7682573380570117,21.364541482879147,12.484748642803602,2.7117536487235605,25.63646082054571,13.976783230887882,3.5488172415148918,26.429349456545115,14.603851130424133,4.19706730377553,26.115085445714406,14.711399978676505,4.709194591821374,25.528791734610607,0.49579306528713696,0.08331591834803422,1.1259543740528546,0.5026375488112466,0.08305305064540594,1.107934793037686,0.00042463671787851785,6.771075548185148e-5,0.0009586338292775016,0.0004292192313411841,6.620607202669923e-5,0.0009557749307127122
2022-07-11,0.11454194386340039,0.016607315753478045,0.26505561967364794,0.4817512824435747,0.06934128619474637,1.121942010630996,1.4420046184125108,0.21394817455276732,3.335646539618143,3.3373358581908725,0.5148562458782224,7.565875320527537,6.180100515102772,1.042974060895278,13.856051341434428,9.243893217908957,1.7967776177030925,19.351009739865834,11.559129627225547,2.663805155917053,22.226790220971882,12.694679612463217,3.6328681761823503,22.880532215030225,12.996063459203752,4.352514240952401,22.228912016292618,12.919303584141533,4.684409357127579,21.811006530541103,0.11323749194678973,0.01591013026974754,0.2727425365455484,0.4765657099243109,0.06702990998825484,1.1390461945590336,1.4244450651090184,0.20665448678392298,3.3738168389417624,3.296709305276787,0.5085775111723905,7.724099435114502,6.102124109806784,1.0147855727629733,13.903971771259343,9.141334292301652,1.7397370584109308,19.596284144822135,11.421144520149042,2.610529052798712,22.58906772217661,12.550952514181864,3.4554273141066054,22.79648128036276,12.95043978314234,4.1815226100578435,22.38435895346949,12.852507376641752,4.21348989794544,21.811006530541103,0.4732081294465715,0.08109468626082522,1.0736437012298263,0.47866802306401224,0.08514284888130079,1.048618695939614,0.0004267681019927411,6.169202166124245e-5,0.0009754862839752065,0.00043160866866796593,6.169202166124245e-5,0.0009571291458223493
2022-07-18,0.10684170896110554,0.01573136476109869,0.25368613332358125,0.44929031499960737,0.06625945125275765,1.0613069081473676,1.343544695991625,0.19936079901507864,3.160598033165881,3.1031045206224577,0.4897413070548945,7.177221642236536,5.690980916153052,1.0006913286968209,12.75670030427454,8.40548255715312,1.7682573380570117,17.314661773135672,10.349735448387644,2.663805155917053,19.664209660979683,11.24774277216293,3.4554273141066054,19.611884755740192,11.384545061491124,4.041620366598658,19.27542020993206,11.266376282412232,4.21348989794544,19.084630714223465,0.10572084922187726,0.014301240691907899,0.25189847823709277,0.44494955048381635,0.06225306582817231,1.0587643943202272,1.3306713370796146,0.18963588198995285,3.1946352427538214,3.0698994321306654,0.4771838376432305,7.233102381118441,5.6249705240692265,0.9569991720917481,12.775022821560537,8.32059194478656,1.6826964991187692,17.713945688180804,10.245367562378814,2.50397684656203,19.60560594754951,11.140391050607104,3.2593084665492036,19.705274683148478,11.386565871674424,3.8706287357041003,19.897207958639548,11.17975188715741,3.717785204069506,19.332483061161433,0.4371437321167816,0.075311596803003,0.9928118826716295,0.4415589237670519,0.08083181855819693,0.9781307214798397,0.0004182320327516624,5.5673287840633436e-5,0.0009601385127326539,0.0004231252633478174,5.4168604385481184e-5,0.0009539693105665297
2022-07-25,0.09771367394123234,0.014480006200556748,0.23189461781928655,0.4111167812612963,0.060095781368780195,0.9724730159445429,1.2214483627411707,0.1774797357085456,2.9203925826452735,2.813108600764196,0.4583476335257346,6.558138400241501,5.123553697171789,0.9443143524322112,11.333181653593147,7.51894392449452,1.71121677876485,15.232681358971771,9.18091102207436,2.4507007434436887,16.9950768947508,9.919411139671164,3.3620373866983186,17.277136570533028,9.984201327933278,3.5597348613503574,16.78826921510212,9.859814213539268,3.6929999693757103,17.101811938719727,0.09691709483469306,0.013407413148663656,0.23366439635491015,0.4076520283277654,0.057013946426791466,0.9872658236660887,1.2111654786017283,0.17261727719598272,2.936924941587988,2.7857144812426515,0.42632608652599174,6.706944412769721,5.071334522906694,0.8738431321014491,11.684128330840345,7.444334872940373,1.540095100888365,15.492215903751104,9.11055992790659,2.2908724340886657,16.941800791632456,9.849742253824582,2.988477677065172,17.19308563586556,9.981714176938446,3.264385680714301,17.254610026632733,9.773437670631385,3.222080510193572,17.101811938719727,0.39614819955338776,0.06950222057491798,0.913491553403545,0.3996045812583214,0.07447042015459249,0.8897677432413427,0.00040348763957462537,4.814987056487216e-5,0.0009274868817558495,0.00040734715263709086,4.814987056487216e-5,0.0009240261098089998
2022-08-01,0.08172149030301498,0.011798523570824017,0.19487228097811,0.34360148226967824,0.049232313198269914,0.83101679210726,1.0058627552842978,0.15073621388944972,2.4275824123970238,2.3110735311552824,0.37672408234991883,5.481963271661901,4.191769127714387,0.7751834236383823,9.37267230399135,6.114619614861323,1.4260139823040416,12.292240527460839,7.4363317493611625,2.0777680216153014,13.63868239829531,8.003656863781275,2.708307894840312,14.101879038651282,8.02642487765917,2.7980448691836863,13.83477740874156,7.965726578239324,2.726375816317638,13.879731428526156,0.08118242291168437,0.010886819476714896,0.20279159301125396,0.3413274733118583,0.04692093699177837,0.848352113655947,0.9987149412708304,0.13858006760804248,2.4458166318191354,2.2907712424839746,0.34470253535017564,5.473800916544317,4.1588943034300865,0.7188064473737727,9.515024169059487,6.058448924098366,1.2834125840736375,12.383505422328293,7.39565544463031,1.9179397122602782,13.851786810768676,7.982130485513666,2.428138112615452,14.288658893467854,8.037383886730138,2.6425979320068147,14.145671283095304,7.913925437729288,2.4785234693796707,13.631879081588188,0.32703443172602875,0.05729201578783423,0.7447436317013191,0.3293443816628748,0.06278595077276534,0.7390525459394168,0.0003540595404146014,3.761708637880638e-5,0.000820052483057979,0.0003567085356373969,3.912176983395863e-5,0.0008185477996028267
2022-08-08,0.06721028952119902,0.009653337467037832,0.16162189636942412,0.28206070554247303,0.040063854245853465,0.6756923110310286,0.7942315422127667,0.11669900430150945,1.9085149661809357,1.8180704214207084,0.28254306176243915,4.195450530436928,3.2860870982675,0.6060524948445535,7.103499009340813,4.809403276998256,1.0837706265510716,9.668374800021402,5.842577124575991,1.598283093550232,10.868325036141576,6.316007485586129,2.054578402982306,11.206791288994395,6.386926031254706,2.1762571204762007,11.192179476734745,6.279958840540741,1.7349664285657695,11.153355612208518,0.06666255200269894,0.008938275432442437,0.16702061473061933,0.2803795645816182,0.037752478039361916,0.695184917039107,0.7877839222251083,0.10940531653266511,1.9138636705447547,1.8051801790696353,0.2699855923507752,4.2959102857302405,3.2761013263466308,0.5637697626460962,7.288133606607408,4.763015042153906,0.9982097876128291,9.813828226216412,5.81852296401806,1.5396793801200568,11.140033162045112,6.286262793706589,1.8677985481657327,11.402910136551789,6.35987826418593,2.020810183299329,11.36317110762929,6.2331147469694645,1.7349664285657695,11.153355612208518,0.2616042290155999,0.04521324485206463,0.5895465400695808,0.26336793986638435,0.04849909113491816,0.5775992029851251,0.0003038264356060709,2.8588985647892848e-5,0.0007041918570112554,0.00030589913706554315,3.00936691030451e-5,0.000707351692267075
2022-08-15,0.054697865891585824,0.007329385854602798,0.13107087094133588,0.2294291284031896,0.03158880815538446,0.5463322893410516,0.6049469728503466,0.08509302396985063,1.41521855008143,1.3849852769838886,0.20719824529245537,3.1280656304454917,2.509078470022551,0.4651100541830294,5.385410657676833,3.6672944184311267,0.8242360817717361,7.4723132672731785,4.4955441333318555,1.1720742686035033,8.577452602052912,4.893912365976444,1.494238838532586,8.965433031195516,4.938782364514972,1.3990224345918432,8.876020112799347,4.899049489575857,1.2392617346898354,8.922684489766814,0.054299665721070506,0.007132743795089071,0.13214346399322896,0.22840364782624284,0.030047890684390097,0.5624348769129428,0.6005124106868892,0.08266179471356919,1.4344252612060537,1.3767036259068963,0.20719824529245537,3.2034104469154756,2.5048361025586385,0.4369215660507246,5.595414894262506,3.642681417096559,0.7700475504441825,7.475165295237784,4.4812927757477,1.1720742686035033,8.737280911407934,4.854455121646443,1.4008489111242994,8.965433031195516,4.9473319460597,1.3990224345918432,9.015922356258544,4.8305183156475096,1.2392617346898354,8.922684489766814,0.20494710444653863,0.03678833498282818,0.4572715121070292,0.20610069935952283,0.03797123964465542,0.44286636200299895,0.00025782224364824584,2.2570251827283828e-5,0.000606537900771874,0.0002592720061572851,2.2570251827283828e-5,0.0006093967993366633
2022-08-22,0.04399302970267546,0.006060150743195973,0.10370187156719714,0.18434303888999776,0.024654679535909822,0.42876028630418145,0.44669096687121834,0.06321196066331762,1.0094463872080564,1.0266955597302925,0.15696836764579952,2.3356893105694967,1.863893306528325,0.32416761352150536,4.016859558853436,2.7261679705299287,0.5704055929216166,5.589974810631843,3.3661972994292615,0.8524176498934569,6.55296068355595,3.6824115326724463,1.027289201491153,6.920193620954031,3.782412598856225,0.9326816230612288,7.010656866676889,3.7345152374878188,0.7435570408139012,7.187718061201045,0.04374132786649788,0.0057204962767631595,0.10548952665368563,0.18361457015558516,0.02457763366236011,0.4400860297159902,0.4434963316284646,0.06078073140703617,1.0388642612090615,1.0181502017956552,0.14441089823413555,2.3300384493342476,1.852533345811006,0.31007336945535297,4.228273219845722,2.7204496544608894,0.5418853132755358,5.675535649570086,3.3632671137577526,0.799141546775116,6.718116603222803,3.656495827816646,0.9338992740828663,7.004244555621497,3.774795698934558,0.9326816230612288,7.150559110136087,3.68804292243695,0.7435570408139012,7.187718061201045,0.15717517109401594,0.027325097688209985,0.3464859188343393,0.15804316024809453,0.028508002350037257,0.3476556801110353,0.00021581373860557763,1.6551518006674808e-5,0.0005176111085723758,0.0002157806355695643,1.6551518006674808e-5,0.0005010595905657009
2022-08-29,0.034841665783923594,0.004647903224870067,0.08103440507052308,0.14629316377873391,0.020031927122926733,0.3400034399749062,0.319989885409367,0.04376212661306604,0.7488186109346856,0.735199022277337,0.10673848999914368,1.6456563663985617,1.3370363690914817,0.2255079050584385,2.933012190166315,1.9692112284432972,0.39928391504513167,4.10692026903564,2.465697966471502,0.5860371343017516,4.906729097199207,2.7187208717463363,0.6537294918580064,5.323225862272338,2.8110246884379553,0.6217877487074859,5.440642801190501,2.7652886347868986,0.49570469387593413,5.452751632635276,0.034710630666083986,0.00429037220757237,0.0829650725639307,0.1457453676177954,0.01849100965193237,0.3498653117892703,0.31772154851325646,0.04133089735678459,0.751736086042223,0.7311021478817817,0.10045975529331169,1.6958862440452176,1.3343373213528136,0.2114136609922861,3.058450962355072,1.9695106913795808,0.37076363539905083,4.192481107973882,2.4576532749006326,0.5327610311834106,5.00795369312406,2.7041053481069395,0.6443904991171783,5.2298359348640515,2.8002988497727515,0.6217877487074859,5.440642801190501,2.7790444400419556,0.49570469387593413,5.700603979573243,0.11809351255653298,0.019439066609361504,0.26491807070878315,0.11855767120244888,0.02037224695369191,0.2619082355136894,0.0001779461224314884,1.203746764121804e-5,0.0004229665192432988,0.00017712907931534074,1.203746764121804e-5,0.000418452468877842
2022-09-05,0.02758611008439277,0.0035574336221120906,0.06542817616547864,0.11608232107178618,0.016179633445440822,0.27513081444604365,0.2312573112428631,0.029174751075377363,0.5421641241507626,0.5309298067251523,0.07534481646998377,1.193587467578659,0.9763082864623772,0.15503668472767648,2.184607830253623,1.4514255514686996,0.2823507684962004,3.0545219500952547,1.8253724830921607,0.37293272182838744,3.6813787254773622,2.0535044188171105,0.46694963704143316,4.109156805964612,2.1290789750430203,0.31089387435374294,4.352514240952401,2.1255817273400055,0.24785234693796707,4.461342244883407,0.02843748081933291,0.003396544664328126,0.06703706574331827,0.11971657492712638,0.015332128836393925,0.2759012731815408,0.2362814465009687,0.029174751075377363,0.5596689747959886,0.5452704367932725,0.07534481646998377,1.2689322840486428,1.0014665121204593,0.15503668472767648,2.28326753871669,1.494861937369681,0.2566825168147275,3.168603068679578,1.8955104728474566,0.37293272182838744,3.8891555276388976,2.119110842821432,0.46694963704143316,4.295936660781185,2.2442651554910817,0.31089387435374294,4.507961178129272,2.225094444635599,0.24785234693796707,4.709194591821374,0.09248270659101333,0.014707447962052415,0.207560337995292,0.08981466512626193,0.014852025198497975,0.20050234017972257,0.00015271784728067812,1.0532784186065786e-5,0.0003675941680936955,0.0001460724128009982,1.0532784186065786e-5,0.00035961934578138897
2022-09-12,0.021847200960238778,0.0025027171210838823,0.05098392306665163,0.09212452146213354,0.012250293894405196,0.21580549181276062,0.1712047329980832,0.019449834050251576,0.39653349169950375,0.39250568203302755,0.05650861235248782,0.8984869364045559,0.7275448786947872,0.09865970846306685,1.6208380676075267,1.0923694908643649,0.171121677876485,2.3101426513325474,1.3948482937928466,0.2663805155917053,2.930185671508758,1.598181827738009,0.2801697822248599,3.3620373866983186,1.6664688900046505,0.15544693717687147,3.5752795550680436,1.6870069994332728,0.24785234693796707,3.717785204069506,0.024482383323231455,0.0030390136470304285,0.05615024626660338,0.10342329881819971,0.012327339767954911,0.24046017134867043,0.18695545173490255,0.024312292562814468,0.44248372464322333,0.4341650868062227,0.05650861235248782,1.017155022344781,0.8096297561360589,0.12684819659537167,1.8181574845336603,1.226742788416875,0.19964195752256583,2.626717755404042,1.5866422650188743,0.2663805155917053,3.303118393337146,1.8175080722563703,0.2801697822248599,3.8289870237397516,1.9451075248941925,0.31089387435374294,4.041620366598658,1.9274237759631012,0.24785234693796707,4.21348989794544,0.07718111190409535,0.012091914320901006,0.17334810649822094,0.06906296864382609,0.010764432422628175,0.1544479186792475,0.00013905983555826111,1.0532784186065786e-5,0.00033719956229962027,0.00012145503913297973,7.523417275761275e-6,0.0002995824759208139
2022-09-19,0.01749345637985039,0.001966420595137336,0.04006135048820699,0.07377835805247465,0.008475046090469002,0.1710418392803744,0.12973525557369056,0.014587375537688681,0.29904119852261796,0.29837803069054736,0.0313936735291599,0.6718246135240219,0.5597810915753751,0.07047122033076203,1.2261992337552594,0.8488918635257731,0.11408111858432333,1.8252978973491734,1.1063315573554704,0.15982830935502318,2.3441485372070066,1.2842048917913493,0.18677985481657325,2.801697822248599,1.361015658452098,0.15544693717687147,2.953491806360558,1.3873535119852707,0.0,3.222080510193572,0.02259658597249475,0.0028602481383815798,0.05203863956767986,0.09545174751137812,0.012327339767954911,0.22273962043223525,0.16146279736816346,0.019449834050251576,0.3768405347236243,0.37722324175903255,0.050229877646655846,0.8664653894048133,0.7129221004761541,0.09865970846306685,1.6067438235413742,1.1065440698484672,0.171121677876485,2.3700352385893146,1.4589660838957699,0.21310441247336423,3.1432900839821225,1.7129113535590892,0.2801697822248599,3.7355970963314653,1.8539378962399577,0.15544693717687147,4.041620366598658,1.8771097495346936,0.0,4.21348989794544,0.06984289711752421,0.01051470810513131,0.15645885660435385,0.054262662665820235,0.007741453842402924,0.11922364652705761,0.00013588946751825532,1.203746764121804e-5,0.00032952567667834384,0.00010115159293088279,6.01873382060902e-6,0.0002482727701001221
2022-09-26,0.014225801647258085,0.0016088895778396386,0.032356557065441625,0.05986734035370528,0.0061636698839774556,0.13644824205655087,0.10038180914797652,0.009724917025125788,0.23120990227236538,0.23367566954694882,0.025114938823327923,0.5336924499957184,0.43960651954532665,0.05637697626460963,0.9725028405645161,0.6827184541678829,0.0855608389382425,1.4830545415962033,0.9044417645885171,0.10655220623668211,1.9712158153786192,1.0610963552129526,0.09338992740828662,2.428138112615452,1.1601004921509916,0.0,2.6425979320068147,1.1683759634655768,0.0,2.726375816317638,0.022896643878761842,0.0028602481383815798,0.0529324671109241,0.0965639046960683,0.012327339767954911,0.2242805379032296,0.15528990628646486,0.019449834050251576,0.3622531591859356,0.36646776920794233,0.050229877646655846,0.8539079199931494,0.7049799939448772,0.09865970846306685,1.5517762716833787,1.1285474655954186,0.171121677876485,2.4812643292090324,1.5164243611089008,0.21310441247336423,3.2498422902188047,1.8112042521563108,0.18677985481657325,3.9317159438888587,1.9796944684160465,0.15544693717687147,4.352514240952401,2.002646963258774,0.0,4.709194591821374,0.07017470187516676,0.010501564719999893,0.15840407760380315,0.04356125277489718,0.0059013799240049515,0.09481638033802155,0.00014588507971083174,1.504683455152255e-5,0.0003433687644657443,8.549310455484084e-5,6.01873382060902e-6,0.00020629210170137403
2022-10-03,0.011844645072055418,0.0012513585605419411,0.026814826297327312,0.04977009339564696,0.005393211148480273,0.11402789285358293,0.0801661378819963,0.007293687768844341,0.17991096496482706,0.1882333271134899,0.018836204117495942,0.4213030987613253,0.35799379928027114,0.04228273219845722,0.7892776677045348,0.5622773132224836,0.05704055929216167,1.2548923044275566,0.760249991498727,0.05327610311834106,1.7048352997869138,0.9121861159604396,0.09338992740828662,2.1479683303905923,1.0167784160739164,0.0,2.331704057653072,1.0273479780578734,0.0,2.4785234693796707,0.02443983713217303,0.0030390136470304285,0.056489900733036204,0.10314246660911099,0.012327339767954911,0.23506696020019016,0.16003931263861065,0.019449834050251576,0.3744093054673428,0.3815335931345861,0.04395114294082386,0.8727441241106453,0.7438730604454248,0.08456546439691444,1.6913092879382887,1.2107429115354233,0.14260139823040416,2.709426566377679,1.6695132434194537,0.15982830935502318,3.6760511151655333,1.9953224940417482,0.18677985481657325,4.482716515597758,2.17182688276666,0.15544693717687147,4.974301989659887,2.1765153846357577,0.0,5.204899285697309,0.07463661825957923,0.010107263166057468,0.16724957579724484,0.03596654482748649,0.004468750944680806,0.07951748004505553,0.00016254794429318783,1.805620146182706e-5,0.0003763213321335789,7.310655035202746e-5,4.514050365456765e-6,0.00017454328079766158
2022-10-10,0.01011088778642456,0.0008938275432442437,0.023060750615701488,0.04240104081998416,0.00385229367748591,0.09707780067264493,0.06585349125026742,0.004862458512562894,0.15073621388944972,0.15630910050168717,0.012557469411663962,0.3578878782324229,0.3021805927783076,0.028188488132304814,0.690617959241468,0.4848732742630203,0.028520279646080834,1.1122909061971524,0.6633141218749053,0.05327610311834106,1.4917308873135497,0.8042740548401645,0.0,1.9611884755740192,0.9223444017389669,0.0,2.1762571204762007,0.9277113345888107,0.0,2.2306711224417035,0.026327511520750548,0.0030211370961655444,0.06097691500012229,0.1111949160831598,0.011556881032457729,0.25887413512705315,0.16896800208230425,0.01701860479397013,0.39142791026131296,0.40473979660734116,0.037672408234991885,0.9355314711689652,0.7943586426903827,0.08456546439691444,1.8477553970725793,1.3041183070966922,0.11408111858432333,2.9661090831924066,1.8051275639071909,0.15982830935502318,4.102259940112262,2.1562800339299297,0.18677985481657325,4.949666152639192,2.3126618078489054,0.0,5.440642801190501,2.3316709538189255,0.0,5.700603979573243,0.08003020349903199,0.008806068038047472,0.18028781384760764,0.030591820345697317,0.0034172801341676756,0.06738613556876019,0.00017836818614065864,1.805620146182706e-5,0.0004092738998014134,6.343745446921908e-5,3.00936691030451e-6,0.00015046834551522552
2022-10-17,0.008903505541010236,0.0007150620345953949,0.020558033494617607,0.037308308578347785,0.0030818349419887278,0.08783229584667875,0.056343738014322534,0.004862458512562894,0.13128637983919814,0.13425504484745232,0.012557469411663962,0.30765800058576703,0.2630902068608339,0.014094244066152407,0.6201467389107059,0.43010007720272203,0.028520279646080834,0.9696895079667482,0.6119559584688246,0.0,1.4384547841952087,0.7481000135040801,0.0,1.8677985481657327,0.8481184892370107,0.0,2.036354877017002,0.8704574424461403,0.0,2.2306711224417035,0.028628134234306907,0.0025027171210838823,0.06542817616547864,0.12099553642805168,0.010015963561463366,0.27744219065253517,0.18093208125246527,0.014587375537688681,0.42303389059297175,0.4349970191547455,0.037672408234991885,1.010876287638949,0.8547172429036805,0.05637697626460963,1.9886978377341034,1.3952120802862744,0.0855608389382425,3.279832159299296,1.9176466936931273,0.10655220623668211,4.475192661940649,2.262137516647223,0.09338992740828662,5.416615789680624,2.42621579545661,0.0,5.906983612721116,2.3690966582065585,0.0,6.196308673449177,0.08619885415968426,0.007478586139774641,0.19929314874763251,0.02694374236862201,0.002615533641151414,0.060998450394892996,0.00019442992968268138,1.9410416571464097e-5,0.00044403208761543034,5.614575844555125e-5,3.00936691030451e-6,0.0001340672958540658
2022-10-24,0.008110591127398268,0.0005362965259465462,0.019127909425426817,0.034060054549491674,0.002311376206491546,0.07935724975620974,0.05053188447718174,0.002431229256281447,0.12180458573970027,0.12071809282167859,0.006278734705831981,0.2831709352330218,0.23994745810421164,0.014094244066152407,0.5637697626460962,0.39849960735486445,0.028520279646080834,0.9696895079667482,0.5708800829645836,0.0,1.3851786810768676,0.7089696339200079,0.0,1.7744086207574459,0.8086349671940855,0.0,2.020810183299329,0.8285703958136239,0.0,2.2306711224417035,0.03111324295278888,0.002145186103786185,0.07368714266505542,0.13092790521671363,0.008475046090469002,0.3081834941988728,0.19375924680860618,0.009724917025125788,0.45731422310653996,0.4671315833791935,0.025114938823327923,1.1056851816970112,0.9093958627583185,0.05637697626460963,2.214205742792542,1.4617356325607578,0.0855608389382425,3.5393667040786285,1.9865326950251423,0.05327610311834106,4.848125383769037,2.3306857233649048,0.09338992740828662,5.790175499313771,2.4640671246591777,0.0,6.217877487074858,2.359802195196385,0.0,6.196308673449177,0.09219644366285114,0.006308824863078786,0.21641897957386508,0.024635632505694373,0.001840073918397979,0.05680571053797188,0.0002121084555972652,1.9560884916979316e-5,0.0004985016286919416,5.1290897277502494e-5,3.00936691030451e-6,0.00012488872677763718
2022-10-31,0.007658225007762355,0.00035753101729769747,0.018412847390831422,0.03217088973005258,0.0015409174709943639,0.07627541481422101,0.04711722298673444,0.002431229256281447,0.11669900430150945,0.11330604650144392,0.006278734705831981,0.27626432705660714,0.22611395755328303,0.014094244066152407,0.5496755185799439,0.3817296829229688,0.0,0.9126489486745867,0.5522334468731643,0.0,1.3851786810768676,0.6891709693094512,0.0,1.6903576860899794,0.8008626203352419,0.0,2.1762571204762007,0.8176648925483533,0.0,2.2306711224417035,0.03324806065707343,0.0016088895778396386,0.07919312033143999,0.14013642802337595,0.006934128619474638,0.335997054550321,0.20399350636292296,0.009724917025125788,0.505695685306541,0.48822185325608314,0.018836204117495942,1.212423671696155,0.9457942480591572,0.04228273219845722,2.312865451255609,1.4999528072865063,0.05704055929216167,3.7390086616011944,2.000384481835911,0.05327610311834106,5.061229796242401,2.333394031259745,0.09338992740828662,5.883565426722058,2.4200756414381233,0.0,6.37332442425173,2.317171591523054,0.0,6.196308673449177,0.09682541247228389,0.00486305249862323,0.2347540018321879,0.023348500799774987,0.0013143385131414137,0.054545048295368666,0.00023079888113543897,1.6551518006674808e-5,0.0005612469287717912,4.7979088992712385e-5,3.00936691030451e-6,0.00011586062604672364
2022-11-07,0.007528441248483292,0.00035753101729769747,0.018412847390831422,0.03187156651131193,0.0015409174709943639,0.07712291942326785,0.04580679041759874,0.0,0.11669900430150945,0.11063758425146533,0.0,0.27626432705660714,0.22278066883163802,0.0,0.5637697626460962,0.37924841859375985,0.0,0.9696895079667482,0.5544976812556938,0.0,1.4384547841952087,0.6950545347361732,0.0,1.7744086207574459,0.8063809866050208,0.0,2.1762571204762007,0.8322881810176934,0.0,2.4785234693796707,0.03490888161517556,0.0014301240691907899,0.08707667926285421,0.1470501394863599,0.005393211148480273,0.3613451469481783,0.21032321173165167,0.004862458512562894,0.5326823300512649,0.5025091140792038,0.01820833064691278,1.274583145283892,0.9603042723252613,0.028188488132304814,2.424209979378214,1.4992398002953542,0.028520279646080834,3.8816100598315986,1.9846680314160003,0.05327610311834106,5.173109612790912,2.268394641783578,0.0,5.883565426722058,2.3309268229671876,0.0,6.217877487074858,2.229679713053952,0.0,5.948456326511209,0.09974718698699724,0.0035487139854818166,0.25013176243594243,0.023059083459181246,0.0010514708105131309,0.05522850432220218,0.0002490168360686948,1.6551518006674808e-5,0.0006140613180476352,4.635102149423765e-5,1.504683455152255e-6,0.00011285125913641913
2022-11-14,0.007776567774487893,0.00017876550864884874,0.019127909425426817,0.03292593929083982,0.0007704587354971819,0.08174567183625094,0.04646443793142287,0.0,0.12156146281407235,0.11339394878732556,0.0,0.2951005311741031,0.22753747620396442,0.0,0.5778640067122487,0.3928953724044095,0.0,1.0010618155774347,0.5748491526469001,0.0,1.4917308873135497,0.7206900698097478,0.0,1.9611884755740192,0.839258013817929,0.0,2.331704057653072,0.8564537848441451,0.0,2.4785234693796707,0.035893522036813424,0.0010725930518930924,0.09174245903858914,0.1508130599505281,0.00385229367748591,0.38530641362214063,0.21317869049315424,0.004862458512562894,0.5445953534070441,0.5054067501459453,0.012557469411663962,1.305976818813052,0.9569427951154839,0.014094244066152407,2.494681199708976,1.4800171318138957,0.028520279646080834,3.878758031866993,1.9221751624581864,0.0,5.061229796242401,2.170848862605623,0.0,5.790175499313771,2.221958520006201,0.0,5.906983612721116,2.1397093111154697,0.0,5.948456326511209,0.10077683977819223,0.0026286770262828273,0.25567827096139917,0.023748782593952203,0.0006571692565707068,0.05967096849662018,0.00026620408283517153,1.504683455152255e-5,0.0006576971382470506,4.648117661310831e-5,1.504683455152255e-6,0.00011285125913641913
2022-11-21,0.008329310727230133,0.00017876550864884874,0.021273095529213002,0.035475387246599994,0.0007704587354971819,0.0901436720531703,0.04923117682507116,0.0,0.13128637983919814,0.12108853816932266,0.0,0.32084334346801363,0.24456332303587655,0.0,0.6342409829768583,0.42197179750358893,0.0,1.1408111858432333,0.6129149283249548,0.0,1.651559196668573,0.7751830924524831,0.0,2.241358257798879,0.8850371368165177,0.0,2.4871509948299435,0.9075113683133665,0.0,2.4785234693796707,0.03628323084566791,0.0008759509923793599,0.09243964452231967,0.1521247659477121,0.0030818349419887278,0.39231758811516493,0.21246512470643564,0.002431229256281447,0.5518890411758884,0.497643094682184,0.006278734705831981,1.3003259575778028,0.9350051042265175,0.014094244066152407,2.4805869556428237,1.4326021669022864,0.028520279646080834,3.793197192928751,1.8378124531702935,0.0,4.954677590005718,2.05271060443414,0.0,5.510005717088911,2.1317992964436154,0.0,5.751536675544244,2.0584137413198165,0.0,5.700603979573243,0.10016922108356695,0.0019715077697121204,0.2571240433258545,0.025429887269185728,0.0005257354052565654,0.06559863519088795,0.0002806791376737362,1.203746764121804e-5,0.0007029881102471333,4.9052680637963516e-5,1.504683455152255e-6,0.00012187935986733266
2022-11-28,0.009119901189229666,0.00017876550864884874,0.024312109176243428,0.038771024487689196,0.0,0.10015963561463366,0.053322935663392836,0.0,0.14344252612060537,0.1312883426989467,0.0,0.3578878782324229,0.26392881438276994,0.0,0.7329006914399251,0.45578258902401775,0.0,1.2834125840736375,0.6552427922524766,0.0,1.864663609141937,0.8330381524819167,0.0,2.334748185207166,0.9189245691210757,0.0,2.6425979320068147,0.9593125088234015,0.0,2.726375816317638,0.03617248561305995,0.0005362965259465462,0.09190334799637313,0.15124721344798078,0.002311376206491546,0.3906996247706209,0.20789562931925465,0.002431229256281447,0.544838476332672,0.48415637253405697,0.006278734705831981,1.2764667656956399,0.9006151487051058,0.014094244066152407,2.438304223444366,1.3684885782578964,0.0,3.6791160743444276,1.7511588714483117,0.0,4.741573177532354,1.9592739820621496,0.0,5.323225862272338,2.034567237239482,0.0,5.440642801190501,1.965964815911955,0.0,5.700603979573243,0.09831606949696324,0.001445772364455555,0.25474509061706874,0.027586453901548156,0.0002628677026282827,0.07453613708024956,0.000291923637134089,9.02810073091353e-6,0.0007330817793501785,5.2725612951990163e-5,1.504683455152255e-6,0.0001339168275085507
2022-12-05,0.009905486216987034,0.0,0.026850579399057047,0.042072440169294616,0.0,0.11171651664709138,0.0568324150948351,0.0,0.15584179532764053,0.1413217607588662,0.0,0.3961881599379974,0.28237817986536345,0.0,0.7765928480449963,0.48217810783646564,0.0,1.3433051713304045,0.6936282245492414,0.0,1.9232673225721075,0.8636233537081306,0.0,2.4374771053562725,0.9441846964123173,0.0,2.6425979320068147,0.9754229113743694,0.0,2.726375816317638,0.03563484834579854,0.00035753101729769747,0.09118828596177773,0.14847510291766194,0.0015409174709943639,0.376754321658122,0.20159874554548574,0.0,0.5326823300512649,0.4658915332747917,0.0,1.224981141107819,0.8599462074522229,0.0,2.367833003113604,1.299426721094912,0.0,3.5108464244325477,1.6575793963209455,0.0,4.5284687650589905,1.8490271727566667,0.0,5.136446007455764,1.9130077323671688,0.0,5.285195864013629,1.8393122666266537,0.0,5.229684520391083,0.09547164380374823,0.0009200369591989895,0.24829168851754443,0.029588322890913843,0.00013143385131414136,0.08307933741566875,0.0002995230409243355,7.523417275761275e-6,0.0007639277901807989,5.723213990017118e-5,1.504683455152255e-6,0.00015197302897037776
2022-12-12,0.01068141790727736,0.0,0.029675074435708892,0.045237099425349286,0.0,0.1264322784950875,0.06066767924661908,0.0,0.17018604793970127,0.14909169495733332,0.0,0.41439649058491074,0.29751539799241117,0.0,0.8188755802434535,0.5012153945002246,0.0,1.4003457306225662,0.7182151461383558,0.0,2.02449191849696,0.8829550686816459,0.0,2.428138112615452,0.949858509619273,0.0,2.7980448691836863,0.9630302940274711,0.0,2.726375816317638,0.0347161723968521,0.00017876550864884874,0.09009781635901977,0.14462512061638252,0.0007704587354971819,0.3814541199446547,0.1927891863353499,0.0,0.5180949545135761,0.4437056241917345,0.0,1.1992383288139083,0.8172758835419465,0.0,2.255079050584385,1.2249317506593487,0.0,3.3397247465560627,1.5668235546588516,0.0,4.315364352585626,1.754609956146889,0.0,4.856276225230904,1.8079256028356034,0.0,5.129748926836759,1.7531835760657102,0.0,5.204899285697309,0.09196623727227442,0.0005257354052565654,0.24613617335599244,0.03138364358293936,0.0,0.087403511123904,0.0003044110051283976,6.01873382060902e-6,0.0007989869146858462,6.17913307692825e-5,0.0,0.0001611515980468064
2022-12-19,0.011253556917708003,0.0,0.030747667487601982,0.04769717416779179,0.0,0.13182548964356777,0.06334446265778497,0.0,0.1774797357085456,0.15446943123287837,0.0,0.43323269470240666,0.3083186360691169,0.0,0.8597488880352968,0.5158890783781331,0.0,1.4830545415962033,0.7270057031528822,0.0,2.02449191849696,0.8737094658682255,0.0,2.521528040023739,0.9336143046842901,0.0,2.7980448691836863,0.9378732808132674,0.0,2.726375816317638,0.033503248420669665,0.00017876550864884874,0.08729119787323279,0.139500414337223,0.0007704587354971819,0.3621926515572252,0.18375109157512362,0.0,0.4840577449256359,0.4220439894566141,0.0,1.1552871858730844,0.7729988158081287,0.0,2.14373452246178,1.1543868389547678,0.0,3.1657510407149725,1.4626687730624945,0.0,4.102259940112262,1.6459040806436434,0.0,4.669496370414332,1.7113930548487661,0.0,4.974301989659887,1.6717640800965878,0.0,4.957046938759341,0.08798543450059737,0.000381158168811007,0.23464885475113653,0.032631213699613186,0.0,0.09008476169071244,0.0003054281711440805,4.514050365456765e-6,0.0008111748506725806,6.648970485799541e-5,0.0,0.0001775526477079661
2022-12-26,0.011702079578907962,0.0,0.03271408808273932,0.0495547501790755,0.0,0.13798915952754523,0.06493934904990559,0.0,0.1823421942211085,0.1578693660760864,0.0,0.44579016411407063,0.3132727628583695,0.0,0.8752525565080631,0.5160602000560096,0.0,1.5115748212422842,0.7173893665400215,0.0,2.02449191849696,0.8501752041613373,0.0,2.428138112615452,0.9131730324455315,0.0,2.7980448691836863,0.9081309991807114,0.0,2.726375816317638,0.03212621770754758,0.0,0.08637949377912368,0.1337042532700777,0.0,0.3561060275467974,0.17264888317631438,0.0,0.4619335586934749,0.3978269096962201,0.0,1.1119639164028434,0.7261565956542713,0.0,2.045074813998713,1.0857527859864742,0.0,3.08019020177673,1.3791851194760543,0.0,4.04898383699392,1.5543819517835225,0.0,4.5761064430060445,1.6219333425034768,0.0,4.818855052483015,1.5829090137193267,0.0,4.709194591821374,0.08366645242948902,0.00013143385131414136,0.22730170246267592,0.033392347132573386,0.0,0.09507924804064982,0.00030390091743710097,1.504683455152255e-6,0.000800943003177545,7.09375491514255e-5,0.0,0.0001941041657146409
2023-01-02,0.011952887587542298,0.0,0.03380455768549728,0.05061875369279711,0.0,0.1448462422734702,0.0653368550333076,0.0,0.1823421942211085,0.15768414340226436,0.0,0.44579016411407063,0.3104891496553044,0.0,0.8752525565080631,0.5085736266489134,0.0,1.4830545415962033,0.6993820436860223,0.0,2.02449191849696,0.820103647535869,0.0,2.428138112615452,0.8800628348268578,0.0,2.6425979320068147,0.8745470061706169,0.0,2.726375816317638,0.030664362760571617,0.0,0.0822500105293353,0.1273132980591286,0.0,0.3383854766303622,0.1617776415568519,0.0,0.43275880761809754,0.3727025527708335,0.0,1.0303403652270275,0.6786378517852384,0.0,1.9168171929967273,1.0127551302323303,0.0,2.9119205518648505,1.2896812662372412,0.0,3.7826033214022154,1.4643540617619344,0.0,4.389326588189472,1.5271107108255852,0.0,4.523505871846946,1.4950453567298174,0.0,4.461342244883407,0.07913395606692085,0.00013143385131414136,0.21597210447939694,0.033582860500053234,0.0,0.0966038807158939,0.00029999927323789115,1.504683455152255e-6,0.000783037270061233,7.491894157375836e-5,0.0,0.00021065568372131572
2023-01-09,0.012048348369160782,0.0,0.03416208870279498,0.05074510892541865,0.0,0.1441528294115227,0.06504024506404125,0.0,0.18744777565929932,0.1562934036649226,0.0,0.44579016411407063,0.3063736303879879,0.0,0.8879373761676016,0.5033971958931498,0.0,1.4830545415962033,0.6804690270790112,0.0,1.9232673225721075,0.796662775756389,0.0,2.521528040023739,0.8474189780197148,0.0,2.6425979320068147,0.8363777447421699,0.0,2.4785234693796707,0.02914449840603911,0.0,0.07867470035635832,0.12076054651372505,0.0,0.3224369808055703,0.15238458732520851,0.0,0.41087774431156454,0.3489187057051419,0.0,0.9612742834628757,0.636439685051178,0.0,1.804063240467508,0.9434936311118229,0.0,2.73794684602376,1.201882248298215,0.0,3.622775012047192,1.3650805689269256,0.0,4.202546733372898,1.446278303493612,0.0,4.352514240952401,1.4028442836688937,0.0,4.21348989794544,0.07470673821925533,0.0,0.20253956487509184,0.03343972903597213,0.0,0.09555240990538078,0.0002929701444771474,1.504683455152255e-6,0.0007690437139283175,7.830748871476124e-5,0.0,0.0002138155189771353
2023-01-16,0.012021533542863456,0.0,0.03417996525365985,0.05049201323080782,0.0,0.14569374688251704,0.0643546384137699,0.0,0.1823421942211085,0.1548492946825812,0.0,0.4344884416435719,0.3012644669140077,0.0,0.8597488880352968,0.4913758980223266,0.0,1.4545342619501225,0.653884251622959,0.0,1.9712158153786192,0.7698131716265068,0.0,2.3440871779479857,0.8284544516841366,0.0,2.4871509948299435,0.8140710335177528,0.0,2.4785234693796707,0.027565194519880855,0.0,0.07404467368235312,0.11407797267139025,0.0,0.3083375859459721,0.1433452769503541,0.0,0.39167103318694085,0.32682697764267205,0.0,0.9104165323456372,0.5959328276050561,0.0,1.6913092879382887,0.8857115445488632,0.0,2.626717755404042,1.1235397386626944,0.0,3.361722106767316,1.289574812617326,0.0,3.9223769511480384,1.3427506433338157,0.0,4.041620366598658,1.3203094521385508,0.0,4.21348989794544,0.07037960724936551,0.0,0.1929843238845536,0.03307526296627801,0.0,0.09519753850683255,0.00028454767883693264,0.0,0.0007389500448252723,8.081504369277248e-5,0.0,0.0002243483031632011
2023-01-23,0.011891571018075742,0.0,0.03432297766057896,0.04981092770862831,0.0,0.14345941654957514,0.06370428458771461,0.0,0.1823421942211085,0.15159691010496026,0.0,0.43323269470240666,0.2940129783419722,0.0,0.8738431321014491,0.47704445750017105,0.0,1.4260139823040416,0.6329201050458918,0.0,1.9179397122602782,0.7412825488032752,0.0,2.334748185207166,0.8017953019583032,0.0,2.6425979320068147,0.7875508323953904,0.0,2.4785234693796707,0.02595576864551527,0.0,0.07014758559380818,0.10734185194693839,0.0,0.2930054571095781,0.1350037293720525,0.0,0.3673587406241264,0.3060412263990153,0.0,0.854535793463732,0.5600629764566982,0.0,1.5799647598156834,0.8314374523823714,0.0,2.4812643292090324,1.0613665263235905,0.0,3.196566187100464,1.2087458304454537,0.0,3.7355970963314653,1.2654935155569107,0.0,3.8861734294217865,1.2338089830571999,0.0,3.965637551007473,0.06619817070365741,0.0,0.18279820040770758,0.03249813692515762,0.0,0.09451408247999904,0.00027577687897685016,0.0,0.0007072012239215599,8.24844899862639e-5,0.0,0.0002377399859140563
2023-01-30,0.01174203367009098,0.0,0.034859274186525506,0.049100564754499906,0.0,0.14407578353797304,0.06263575932957892,0.0,0.17991096496482706,0.14833510742528055,0.0,0.4401393028788213,0.2876141915359391,0.0,0.8611583124419108,0.4626987568381924,0.0,1.4260139823040416,0.6177630537087238,0.0,1.9179397122602782,0.7123783662704104,0.0,2.334748185207166,0.7794109430048336,0.0,2.5026956885476164,0.7652441211709733,0.0,2.4785234693796707,0.024378163031689177,0.0,0.06669741127688546,0.10112116811653413,0.0,0.27582422730799117,0.12632545654175584,0.0,0.3503401358301563,0.28706375075063817,0.0,0.8168633852287401,0.5233122350542058,0.0,1.5080841150783075,0.781170459506154,0.0,2.367183210624709,0.9909355180011439,0.0,2.9834617746270995,1.123760996503913,0.0,3.4554273141066054,1.172147629782199,0.0,3.5752795550680436,1.166888849383949,0.0,3.717785204069506,0.06212851864849199,0.0,0.17303266525506703,0.0319063560096157,0.0,0.09505296127038688,0.0002655548119242733,0.0,0.0006695841375427535,8.321275677855759e-5,0.0,0.00023939513771472365
2023-02-06,0.011557815813428341,0.0,0.0355743362211209,0.0481737028956968,0.0,0.14723466435351143,0.06152955001797086,0.0,0.1823421942211085,0.145327593501187,0.0,0.4269539599965747,0.279192880706413,0.0,0.8597488880352968,0.44809637365939897,0.0,1.3974937026579608,0.5948276913162779,0.0,1.864663609141937,0.6863692714872026,0.0,2.241358257798879,0.7527517932790001,0.0,2.4871509948299435,0.7382282153547348,0.0,2.4785234693796707,0.022903705116353475,0.0,0.06399805209628785,0.09458112914026631,0.0,0.26056914434514683,0.11819785713800697,0.0,0.3308903017799047,0.27089286951576785,0.0,0.7848418382289976,0.4887108658718016,0.0,1.4390223191541593,0.7293918918086942,0.0,2.170393281066749,0.9245002174125725,0.0,2.823633465272076,1.0477415955935676,0.0,3.1752575318817455,1.0929474152905834,0.0,3.4198326178911724,1.0853454272413579,0.0,3.469932857131539,0.05820850403304772,0.0,0.16392429935899708,0.031214159631669777,0.0,0.09522382527709536,0.00025443670587415326,0.0,0.0006441549871506803,8.340535626081708e-5,0.0,0.00023623530245890404
2023-02-13,0.011250696669569621,0.0,0.033607915625983566,0.04720022828339611,0.0,0.14330532480247585,0.0602324892097447,0.0,0.1774797357085456,0.14160430382062866,0.0,0.4206752252907427,0.27039102528710085,0.0,0.8174661558368396,0.43320878768414484,0.0,1.36897342301188,0.5711997395832937,0.0,1.811387506023596,0.6615742457603024,0.0,2.1479683303905923,0.728657518016585,0.0,2.331704057653072,0.7200110678547943,0.0,2.4785234693796707,0.021446676838111033,0.0,0.06044061847417575,0.08843826164214727,0.0,0.25070727253078273,0.11074978631138874,0.0,0.3160598033165881,0.2521634038882711,0.0,0.7540760381704203,0.457019958089058,0.0,1.3826453428895498,0.6794386220085837,0.0,2.05346013451782,0.8648309819200304,0.0,2.717081259035394,0.9783528795292108,0.0,2.988477677065172,1.0215972711263994,0.0,3.264385680714301,1.0090069043844638,0.0,3.222080510193572,0.054423209115200454,0.0,0.15549938948976064,0.030400321224332612,0.0,0.09016362200150098,0.00024329452488875084,0.0,0.0006125566345924829,8.348510448394015e-5,0.0,0.00023322593554859955
2023-02-20,0.010985587420243378,0.0,0.03237443361630649,0.046044540180150334,0.0,0.13729574666559768,0.0590265994986291,0.0,0.16775481868341982,0.13804740060977486,0.0,0.4081177558790787,0.2622938820710963,0.0,0.7892776677045348,0.41723743108233957,0.0,1.2834125840736375,0.5544177671010162,0.0,1.758111402905255,0.638273458871935,0.0,2.054578402982306,0.698345365267095,0.0,2.331704057653072,0.7043963699977024,0.0,2.4785234693796707,0.020023703389266196,0.0,0.0556318262915217,0.08260319240885937,0.0,0.23198512525820145,0.10338923973799667,0.0,0.3090092384733717,0.23415285338459205,0.0,0.6906608176415179,0.42599147977742335,0.0,1.282576210019869,0.631239349406707,0.0,1.9108587362874156,0.8103028903784084,0.0,2.50397684656203,0.9095711979930076,0.0,2.801697822248599,0.9533560657057526,0.0,2.953491806360558,0.9436978109663097,0.0,2.999013397949379,0.050771516707214005,0.0,0.1467721817625016,0.02961138953181948,0.0,0.087403511123904,0.00023189128132387947,0.0,0.0005793031302336182,8.289075451915501e-5,0.0,0.00023623530245890404
2023-02-27,0.01065147468457868,0.0,0.03128396401354853,0.04479100381749642,0.0,0.13028457217257342,0.05740375397006124,0.0,0.16289236017085693,0.133818672785397,0.0,0.40183902117324677,0.2545561420787786,0.0,0.762498603978844,0.40039620595132874,0.0,1.2263720247814758,0.5351318177721768,0.0,1.7101629100987432,0.6233310704866092,0.0,1.9611884755740192,0.6750283246905643,0.0,2.331704057653072,0.684692108416134,0.0,2.2306711224417035,0.018647119589915738,0.0,0.05418382567146604,0.07679431877257836,0.0,0.21958073961669686,0.09698051941843877,0.0,0.2895594044231201,0.21938840872382814,0.0,0.6215947358773661,0.398394949895897,0.0,1.2261992337552594,0.5867762334384671,0.0,1.771109366021617,0.7507135690405439,0.0,2.2375963309703244,0.8466263869198224,0.0,2.6149179674320258,0.8748553624314326,0.0,2.7980448691836863,0.8694660330583885,0.0,2.726375816317638,0.047309351912822546,0.0,0.13737466139354054,0.028727102580177938,0.0,0.08530056950287775,0.0002201171332873131,0.0,0.0005328084114694134,8.210230038865521e-5,0.0,0.0002273576700735056
2023-03-06,0.01032120540734993,0.0,0.030229247512520308,0.043421128185782434,0.0,0.12573886563313996,0.055749302461161714,0.0,0.16532358942713837,0.1305035008607177,0.0,0.3892815517615828,0.24628282081194716,0.0,0.7202158717803867,0.38423946753182403,0.0,1.2263720247814758,0.5168581144025858,0.0,1.6568868069804021,0.6061473238434844,0.0,2.054578402982306,0.6423067444148329,0.0,2.1762571204762007,0.6638725112733449,0.0,2.2306711224417035,0.01730476938547153,0.0,0.05032249068465084,0.07126974440969581,0.0,0.20571248237774759,0.09031165756845878,0.0,0.26281588260402416,0.20362564524483695,0.0,0.6090372664657021,0.37036149844831984,0.0,1.1275395252921925,0.5419423538348279,0.0,1.6256559398266075,0.6948269368694041,0.0,2.1310441247336422,0.7841485254836786,0.0,2.521528040023739,0.8121325232805651,0.0,2.4871509948299435,0.7894097249974251,0.0,2.503308704073445,0.043900154960510696,0.0,0.1285028764298358,0.027832169486579947,0.0,0.08269817924685773,0.00020926836557566534,0.0,0.0005090344128780075,8.112124677589595e-5,0.0,0.0002211884679073815
2023-03-13,0.009990936130121184,0.0,0.029675074435708892,0.042190320355825685,0.0,0.12481431515054348,0.05397815194796069,0.0,0.15802990165829406,0.12725425565044965,0.0,0.37672408234991883,0.2390947563382094,0.0,0.7329006914399251,0.37231799063976223,0.0,1.1721834934539197,0.5008486454155243,0.0,1.603610703862061,0.5831267067373417,0.0,1.9611884755740192,0.6290160312862103,0.0,2.020810183299329,0.6357412698958855,0.0,2.2306711224417035,0.016012115992431707,0.0,0.047194094283296066,0.06615582455283327,0.0,0.1903803535413536,0.08396128675105163,0.0,0.24579727781005406,0.18944826227906833,0.0,0.5594352622896289,0.3432441728650426,0.0,1.0302892412357396,0.505593257425898,0.0,1.540095100888365,0.639659532090362,0.0,2.02449191849696,0.7238186323779254,0.0,2.241358257798879,0.749176513723932,0.0,2.4871509948299435,0.7462834166302189,0.0,2.4785234693796707,0.040719784343336764,0.0,0.1195916613107371,0.026995593022965437,0.0,0.08060838101096286,0.00019796367877710644,0.0,0.000483153857449389,7.971737711223889e-5,0.0,0.00021712582257847
2023-03-20,0.00974987084170821,0.0,0.028602481383815798,0.040804650320034,0.0,0.12173248020855475,0.05255588283303604,0.0,0.16313548309648487,0.12397361676665246,0.0,0.37672408234991883,0.2313429221018256,0.0,0.7188064473737727,0.3603252130485853,0.0,1.169331465489314,0.4811631253132973,0.0,1.5450069904318908,0.5701455068275899,0.0,1.9611884755740192,0.6086524825160402,0.0,2.020810183299329,0.6182676794367589,0.0,1.9828187755037365,0.014760489283626792,0.0,0.04192051177815495,0.06104228992533848,0.0,0.17343026136041562,0.07711494516536307,0.0,0.2236730915778931,0.17460533343448156,0.0,0.5085775111723905,0.31548555917675547,0.0,0.9443143524322112,0.46855967430546197,0.0,1.3974937026579608,0.5888607677670238,0.0,1.864663609141937,0.6608271263410361,0.0,2.054578402982306,0.6887853786307175,0.0,2.331704057653072,0.6890295244875485,0.0,2.2306711224417035,0.037521473005458446,0.0,0.10974726584730804,0.026215533115416006,0.0,0.0794123329640042,0.00018646940186319838,0.0,0.00045742377036628556,7.799902860645502e-5,0.0,0.0002077967851565263
